Sport,Country,Ratio,Only2020_2024Count
Archery,AUS,0,0
Archery,AUT,0,0
Archery,AZE,0,0
Archery,BAN,0,0
Archery,BEL,0,0
Archery,BHU,0,0
Archery,BLR,0,0
Archery,BRA,0,0
Archery,BUL,0,0
Archery,CAN,0,0
Archery,CHI,0,0
Archery,CHN,0,0
Archery,CIV,0,0
Archery,COL,0,0
Archery,CUB,0,0
Archery,DEN,0,0
Archery,DOM,0,0
Archery,EGY,0,0
Archery,ESP,0,0
Archery,EST,0,0
Archery,FIJ,0,0
Archery,FIN,0,0
Archery,FRA,0,0
Archery,GBR,0,0
Archery,GEO,0,0
Archery,GER,0,0
Archery,GRE,0,0
Archery,HKG,0,0
Archery,INA,0,0
Archery,IND,0,0
Archery,IRI,0,0
Archery,IRQ,0,0
Archery,ITA,0,0
Archery,JPN,0,0
Archery,KAZ,0,0
Archery,KEN,0,0
Archery,KOR,0,0
Archery,LBA,0,0
Archery,LUX,0,0
Archery,MAS,0,0
Archery,MAW,0,0
Archery,MDA,0,0
Archery,MEX,0,0
Archery,MGL,0,0
Archery,MYA,0,0
Archery,NED,0,0
Archery,NEP,0,0
Archery,NOR,0,0
Archery,PHI,0,0
Archery,POL,0,0
Archery,PRK,0,0
Archery,RSA,0,0
Archery,RUS,0,0
Archery,SAM,0,0
Archery,SLO,0,0
Archery,SMR,0,0
Archery,SUI,0,0
Archery,SVK,0,0
Archery,SWE,0,0
Archery,TGA,0,0
Archery,THA,0,0
Archery,TPE,0,0
Archery,TUR,0,0
Archery,UKR,0,0
Archery,USA,0,0
Archery,VEN,0,0
Archery,ZIM,0,0
Athletics,AFG,0,0
Athletics,ALB,0,0
Athletics,ALG,0,0
Athletics,AND,0,0
Athletics,ANG,0,0
Athletics,ANT,0,0
Athletics,ARG,0,0
Athletics,ARM,0,0
Athletics,ASA,0,0
Athletics,AUS,0,0
Athletics,AUT,0,0
Athletics,AZE,0,0
Athletics,BAH,0,0
Athletics,BAN,0,0
Athletics,BAR,0,0
Athletics,BDI,0,0
Athletics,BEL,0,0
Athletics,BEN,0,0
Athletics,BER,0,0
Athletics,BIH,0,0
Athletics,BIZ,0,0
Athletics,BLR,0,0
Athletics,BOL,0,0
Athletics,BOT,0,0
Athletics,BRA,0,0
Athletics,BRN,0,0
Athletics,BRU,0,0
Athletics,BUL,0,0
Athletics,BUR,0,0
Athletics,CAF,0,0
Athletics,CAM,0,0
Athletics,CAN,0,0
Athletics,CAY,0,0
Athletics,CGO,0,0
Athletics,CHA,0,0
Athletics,CHI,0,0
Athletics,CHN,0,0
Athletics,CIV,0,0
Athletics,CMR,0,0
Athletics,COD,0,0
Athletics,COK,0,0
Athletics,COL,0,0
Athletics,COM,0,0
Athletics,CPV,0,0
Athletics,CRC,0,0
Athletics,CRO,0,0
Athletics,CUB,0,0
Athletics,CYP,0,0
Athletics,CZE,0,0
Athletics,DEN,0,0
Athletics,DJI,0,0
Athletics,DMA,0,0
Athletics,DOM,0,0
Athletics,ECU,0,0
Athletics,EGY,0,0
Athletics,ERI,0,0
Athletics,ESA,0,0
Athletics,ESP,0,0
Athletics,EST,0,0
Athletics,ETH,0,0
Athletics,FIJ,0,0
Athletics,FIN,0,0
Athletics,FRA,0,0
Athletics,FSM,0,0
Athletics,GAB,0,0
Athletics,GAM,0,0
Athletics,GBR,0,0
Athletics,GBS,0,0
Athletics,GEO,0,0
Athletics,GEQ,0,0
Athletics,GER,0,0
Athletics,GHA,0,0
Athletics,GRE,0,0
Athletics,GRN,0,0
Athletics,GUA,0,0
Athletics,GUI,0,0
Athletics,GUM,0,0
Athletics,GUY,0,0
Athletics,HAI,0,0
Athletics,HKG,0,0
Athletics,HON,0,0
Athletics,HUN,0,0
Athletics,INA,0,0
Athletics,IND,0,0
Athletics,IOA,0,0
Athletics,IRI,0,0
Athletics,IRL,0,0
Athletics,IRQ,0,0
Athletics,ISL,0,0
Athletics,ISR,0,0
Athletics,ISV,0,0
Athletics,ITA,0,0
Athletics,IVB,0,0
Athletics,JAM,0,0
Athletics,JOR,0,0
Athletics,JPN,0,0
Athletics,KAZ,0,0
Athletics,KEN,0,0
Athletics,KGZ,0,0
Athletics,KIR,0,0
Athletics,KOR,0,0
Athletics,KOS,0,0
Athletics,KSA,0,0
Athletics,KUW,0,0
Athletics,LAO,0,0
Athletics,LAT,0,0
Athletics,LBA,0,0
Athletics,LBR,0,0
Athletics,LCA,0,0
Athletics,LES,0,0
Athletics,LIB,0,0
Athletics,LIE,0,0
Athletics,LTU,0,0
Athletics,LUX,0,0
Athletics,MAD,0,0
Athletics,MAR,0,0
Athletics,MAS,0,0
Athletics,MAW,0,0
Athletics,MDA,0,0
Athletics,MDV,0,0
Athletics,MEX,0,0
Athletics,MGL,0,0
Athletics,MHL,0,0
Athletics,MKD,0,0
Athletics,MLI,0,0
Athletics,MLT,0,0
Athletics,MNE,0,0
Athletics,MON,0,0
Athletics,MOZ,0,0
Athletics,MRI,0,0
Athletics,MTN,0,0
Athletics,MYA,0,0
Athletics,NAM,0,0
Athletics,NCA,0,0
Athletics,NED,0,0
Athletics,NEP,0,0
Athletics,NGR,0,0
Athletics,NIG,0,0
Athletics,NOR,0,0
Athletics,NZL,0,0
Athletics,OMA,0,0
Athletics,PAK,0,0
Athletics,PAN,0,0
Athletics,PAR,0,0
Athletics,PER,0,0
Athletics,PHI,0,0
Athletics,PLE,0,0
Athletics,PLW,0,0
Athletics,PNG,0,0
Athletics,POL,0,0
Athletics,POR,0,0
Athletics,PRK,0,0
Athletics,PUR,0,0
Athletics,QAT,0,0
Athletics,ROT,0,0
Athletics,ROU,0,0
Athletics,RSA,0,0
Athletics,RUS,0,0
Athletics,RWA,0,0
Athletics,SAM,0,0
Athletics,SEN,0,0
Athletics,SEY,0,0
Athletics,SGP,0,0
Athletics,SKN,0,0
Athletics,SLE,0,0
Athletics,SLO,0,0
Athletics,SMR,0,0
Athletics,SOL,0,0
Athletics,SOM,0,0
Athletics,SRB,0,0
Athletics,SRI,0,0
Athletics,SSD,0,0
Athletics,STP,0,0
Athletics,SUD,0,0
Athletics,SUI,0,0
Athletics,SUR,0,0
Athletics,SVK,0,0
Athletics,SWE,0,0
Athletics,SWZ,0,0
Athletics,SYR,0,0
Athletics,TAN,0,0
Athletics,TGA,0,0
Athletics,THA,0,0
Athletics,TJK,0,0
Athletics,TKM,0,0
Athletics,TLS,0,0
Athletics,TOG,0,0
Athletics,TPE,0,0
Athletics,TTO,0,0
Athletics,TUN,0,0
Athletics,TUR,0,0
Athletics,TUV,0,0
Athletics,UAE,0,0
Athletics,UGA,0,0
Athletics,UKR,0,0
Athletics,URU,0,0
Athletics,USA,0,0
Athletics,UZB,0,0
Athletics,VAN,0,0
Athletics,VEN,0,0
Athletics,VIE,0,0
Athletics,VIN,0,0
Athletics,YEM,0,0
Athletics,ZAM,0,0
Athletics,ZIM,0,0
Badminton,AUS,0,0
Badminton,AUT,0,0
Badminton,BEL,0,0
Badminton,BLR,0,0
Badminton,BRA,0,0
Badminton,BRU,0,0
Badminton,BUL,0,0
Badminton,CAN,0,0
Badminton,CHN,0,0
Badminton,CUB,0,0
Badminton,CZE,0,0
Badminton,DEN,0,0
Badminton,EGY,0,0
Badminton,ESP,0,0
Badminton,EST,0,0
Badminton,FIN,0,0
Badminton,FRA,0,0
Badminton,GBR,0,0
Badminton,GER,0,0
Badminton,GUA,0,0
Badminton,HKG,0,0
Badminton,HUN,0,0
Badminton,INA,0,0
Badminton,IND,0,0
Badminton,IRL,0,0
Badminton,ISL,0,0
Badminton,ISR,0,0
Badminton,ITA,0,0
Badminton,JPN,0,0
Badminton,KOR,0,0
Badminton,LTU,0,0
Badminton,MAS,0,0
Badminton,MDV,0,0
Badminton,MEX,0,0
Badminton,MRI,0,0
Badminton,NED,0,0
Badminton,NOR,0,0
Badminton,PER,0,0
Badminton,POL,0,0
Badminton,POR,0,0
Badminton,RSA,0,0
Badminton,RUS,0,0
Badminton,SGP,0,0
Badminton,SLO,0,0
Badminton,SRI,0,0
Badminton,SUI,0,0
Badminton,SUR,0,0
Badminton,SVK,0,0
Badminton,SWE,0,0
Badminton,THA,0,0
Badminton,TPE,0,0
Badminton,TUR,0,0
Badminton,UGA,0,0
Badminton,UKR,0,0
Badminton,USA,0,0
Badminton,VIE,0,0
Basketball,ANG,0,0
Basketball,ARG,0,0
Basketball,AUS,0,0
Basketball,BLR,0,0
Basketball,BRA,0,0
Basketball,CAN,0,0
Basketball,CHN,0,0
Basketball,CRO,0,0
Basketball,CZE,0,0
Basketball,ESP,0,0
Basketball,FRA,0,0
Basketball,GBR,0,0
Basketball,JPN,0,0
Basketball,LTU,0,0
Basketball,NGR,0,0
Basketball,RUS,0,0
Basketball,SEN,0,0
Basketball,SRB,0,0
Basketball,TUN,0,0
Basketball,TUR,0,0
Basketball,USA,0,0
Basketball,VEN,0,0
Beach Volleyball,ARG,0,0
Beach Volleyball,AUS,0,0
Beach Volleyball,AUT,0,0
Beach Volleyball,BRA,0,0
Beach Volleyball,CAN,0,0
Beach Volleyball,CHI,0,0
Beach Volleyball,CHN,0,0
Beach Volleyball,CRC,0,0
Beach Volleyball,CUB,0,0
Beach Volleyball,CZE,0,0
Beach Volleyball,EGY,0,0
Beach Volleyball,ESP,0,0
Beach Volleyball,GBR,0,0
Beach Volleyball,GER,0,0
Beach Volleyball,GRE,0,0
Beach Volleyball,ITA,0,0
Beach Volleyball,JPN,0,0
Beach Volleyball,LAT,0,0
Beach Volleyball,MEX,0,0
Beach Volleyball,MRI,0,0
Beach Volleyball,NED,0,0
Beach Volleyball,NOR,0,0
Beach Volleyball,POL,0,0
Beach Volleyball,QAT,0,0
Beach Volleyball,RSA,0,0
Beach Volleyball,RUS,0,0
Beach Volleyball,SUI,0,0
Beach Volleyball,TUN,0,0
Beach Volleyball,USA,0,0
Beach Volleyball,VEN,0,0
Boxing,AFG,0,0
Boxing,ALG,0,0
Boxing,ARG,0,0
Boxing,ARM,0,0
Boxing,AUS,0,0
Boxing,AZE,0,0
Boxing,BEN,0,0
Boxing,BLR,0,0
Boxing,BOT,0,0
Boxing,BRA,0,0
Boxing,BUL,0,0
Boxing,CAF,0,0
Boxing,CAN,0,0
Boxing,CGO,0,0
Boxing,CHN,0,0
Boxing,CMR,0,0
Boxing,COD,0,0
Boxing,COL,0,0
Boxing,CPV,0,0
Boxing,CRO,0,0
Boxing,CUB,0,0
Boxing,CZE,0,0
Boxing,DEN,0,0
Boxing,DOM,0,0
Boxing,ECU,0,0
Boxing,EGY,0,0
Boxing,ESP,0,0
Boxing,FIJ,0,0
Boxing,FIN,0,0
Boxing,FRA,0,0
Boxing,FSM,0,0
Boxing,GAB,0,0
Boxing,GBR,0,0
Boxing,GER,0,0
Boxing,GHA,0,0
Boxing,HAI,0,0
Boxing,HON,0,0
Boxing,HUN,0,0
Boxing,IND,0,0
Boxing,IRI,0,0
Boxing,IRL,0,0
Boxing,IRQ,0,0
Boxing,ISV,0,0
Boxing,ITA,0,0
Boxing,JOR,0,0
Boxing,JPN,0,0
Boxing,KAZ,0,0
Boxing,KEN,0,0
Boxing,KGZ,0,0
Boxing,KOR,0,0
Boxing,LES,0,0
Boxing,LTU,0,0
Boxing,MAR,0,0
Boxing,MDA,0,0
Boxing,MEX,0,0
Boxing,MGL,0,0
Boxing,MNE,0,0
Boxing,MOZ,0,0
Boxing,MRI,0,0
Boxing,NAM,0,0
Boxing,NCA,0,0
Boxing,NED,0,0
Boxing,NGR,0,0
Boxing,NIG,0,0
Boxing,NZL,0,0
Boxing,PAN,0,0
Boxing,PHI,0,0
Boxing,PNG,0,0
Boxing,POL,0,0
Boxing,PRK,0,0
Boxing,PUR,0,0
Boxing,QAT,0,0
Boxing,ROU,0,0
Boxing,RSA,0,0
Boxing,RUS,0,0
Boxing,SEY,0,0
Boxing,SRB,0,0
Boxing,SWE,0,0
Boxing,SYR,0,0
Boxing,TAN,0,0
Boxing,THA,0,0
Boxing,TJK,0,0
Boxing,TKM,0,0
Boxing,TPE,0,0
Boxing,TTO,0,0
Boxing,TUN,0,0
Boxing,TUR,0,0
Boxing,UGA,0,0
Boxing,UKR,0,0
Boxing,USA,0,0
Boxing,UZB,0,0
Boxing,VAN,0,0
Boxing,VEN,0,0
Boxing,ZAM,0,0
Canoeing,ANG,0,0
Canoeing,ARG,0,0
Canoeing,AUS,0,0
Canoeing,AUT,0,0
Canoeing,AZE,0,0
Canoeing,BEL,0,0
Canoeing,BLR,0,0
Canoeing,BRA,0,0
Canoeing,BUL,0,0
Canoeing,CAN,0,0
Canoeing,CHN,0,0
Canoeing,COK,0,0
Canoeing,CRO,0,0
Canoeing,CUB,0,0
Canoeing,CZE,0,0
Canoeing,DEN,0,0
Canoeing,ECU,0,0
Canoeing,EGY,0,0
Canoeing,ESP,0,0
Canoeing,FIN,0,0
Canoeing,FRA,0,0
Canoeing,GBR,0,0
Canoeing,GEO,0,0
Canoeing,GER,0,0
Canoeing,GRE,0,0
Canoeing,HUN,0,0
Canoeing,IRI,0,0
Canoeing,IRL,0,0
Canoeing,ITA,0,0
Canoeing,JPN,0,0
Canoeing,KAZ,0,0
Canoeing,KOR,0,0
Canoeing,LAT,0,0
Canoeing,LIB,0,0
Canoeing,LTU,0,0
Canoeing,MAR,0,0
Canoeing,MDA,0,0
Canoeing,MEX,0,0
Canoeing,MOZ,0,0
Canoeing,NGR,0,0
Canoeing,NOR,0,0
Canoeing,NZL,0,0
Canoeing,PLW,0,0
Canoeing,POL,0,0
Canoeing,POR,0,0
Canoeing,ROU,0,0
Canoeing,RSA,0,0
Canoeing,RUS,0,0
Canoeing,SAM,0,0
Canoeing,SEN,0,0
Canoeing,SGP,0,0
Canoeing,SLO,0,0
Canoeing,SRB,0,0
Canoeing,STP,0,0
Canoeing,SUI,0,0
Canoeing,SVK,0,0
Canoeing,SWE,0,0
Canoeing,THA,0,0
Canoeing,TOG,0,0
Canoeing,TUN,0,0
Canoeing,TUR,0,0
Canoeing,UKR,0,0
Canoeing,USA,0,0
Canoeing,UZB,0,0
Cycling,ALG,0,0
Cycling,ARG,0,0
Cycling,AUS,0,0
Cycling,AUT,0,0
Cycling,AZE,0,0
Cycling,BEL,0,0
Cycling,BLR,0,0
Cycling,BOL,0,0
Cycling,BRA,0,0
Cycling,BUL,0,0
Cycling,CAN,0,0
Cycling,CHI,0,0
Cycling,CHN,0,0
Cycling,COL,0,0
Cycling,CRC,0,0
Cycling,CRO,0,0
Cycling,CUB,0,0
Cycling,CYP,0,0
Cycling,CZE,0,0
Cycling,DEN,0,0
Cycling,DOM,0,0
Cycling,ECU,0,0
Cycling,EGY,0,0
Cycling,ERI,0,0
Cycling,ESA,0,0
Cycling,ESP,0,0
Cycling,EST,0,0
Cycling,ETH,0,0
Cycling,FIN,0,0
Cycling,FRA,0,0
Cycling,GBR,0,0
Cycling,GEO,0,0
Cycling,GER,0,0
Cycling,GRE,0,0
Cycling,GUA,0,0
Cycling,GUM,0,0
Cycling,HKG,0,0
Cycling,HUN,0,0
Cycling,INA,0,0
Cycling,IRI,0,0
Cycling,IRL,0,0
Cycling,ISR,0,0
Cycling,ITA,0,0
Cycling,JPN,0,0
Cycling,KAZ,0,0
Cycling,KOR,0,0
Cycling,KOS,0,0
Cycling,LAO,0,0
Cycling,LAT,0,0
Cycling,LES,0,0
Cycling,LTU,0,0
Cycling,LUX,0,0
Cycling,MAR,0,0
Cycling,MAS,0,0
Cycling,MDA,0,0
Cycling,MEX,0,0
Cycling,MRI,0,0
Cycling,NAM,0,0
Cycling,NED,0,0
Cycling,NOR,0,0
Cycling,NZL,0,0
Cycling,PHI,0,0
Cycling,POL,0,0
Cycling,POR,0,0
Cycling,PUR,0,0
Cycling,ROU,0,0
Cycling,RSA,0,0
Cycling,RUS,0,0
Cycling,RWA,0,0
Cycling,SLO,0,0
Cycling,SRB,0,0
Cycling,SUI,0,0
Cycling,SVK,0,0
Cycling,SWE,0,0
Cycling,SYR,0,0
Cycling,THA,0,0
Cycling,TLS,0,0
Cycling,TPE,0,0
Cycling,TTO,0,0
Cycling,TUN,0,0
Cycling,TUR,0,0
Cycling,UAE,0,0
Cycling,UKR,0,0
Cycling,URU,0,0
Cycling,USA,0,0
Cycling,UZB,0,0
Cycling,VEN,0,0
Diving,AUS,0,0
Diving,AUT,0,0
Diving,BLR,0,0
Diving,BRA,0,0
Diving,CAN,0,0
Diving,CHN,0,0
Diving,COL,0,0
Diving,CRO,0,0
Diving,CUB,0,0
Diving,EGY,0,0
Diving,ESP,0,0
Diving,FRA,0,0
Diving,GBR,0,0
Diving,GER,0,0
Diving,GRE,0,0
Diving,HUN,0,0
Diving,IRL,0,0
Diving,ITA,0,0
Diving,JAM,0,0
Diving,JPN,0,0
Diving,KOR,0,0
Diving,MAS,0,0
Diving,MEX,0,0
Diving,NED,0,0
Diving,NOR,0,0
Diving,NZL,0,0
Diving,PRK,0,0
Diving,PUR,0,0
Diving,RSA,0,0
Diving,RUS,0,0
Diving,SWE,0,0
Diving,UKR,0,0
Diving,USA,0,0
Diving,VEN,0,0
Equestrianism,ARG,0,0
Equestrianism,AUS,0,0
Equestrianism,AUT,0,0
Equestrianism,AZE,0,0
Equestrianism,BEL,0,0
Equestrianism,BER,0,0
Equestrianism,BLR,0,0
Equestrianism,BRA,0,0
Equestrianism,CAN,0,0
Equestrianism,CHI,0,0
Equestrianism,CHN,0,0
Equestrianism,COL,0,0
Equestrianism,DEN,0,0
Equestrianism,DOM,0,0
Equestrianism,ECU,0,0
Equestrianism,EGY,0,0
Equestrianism,ESP,0,0
Equestrianism,FIN,0,0
Equestrianism,FRA,0,0
Equestrianism,GBR,0,0
Equestrianism,GER,0,0
Equestrianism,IRL,0,0
Equestrianism,ITA,0,0
Equestrianism,JAM,0,0
Equestrianism,JOR,0,0
Equestrianism,JPN,0,0
Equestrianism,KOR,0,0
Equestrianism,KSA,0,0
Equestrianism,MAR,0,0
Equestrianism,MEX,0,0
Equestrianism,NED,0,0
Equestrianism,NOR,0,0
Equestrianism,NZL,0,0
Equestrianism,PER,0,0
Equestrianism,PLE,0,0
Equestrianism,POL,0,0
Equestrianism,POR,0,0
Equestrianism,PUR,0,0
Equestrianism,QAT,0,0
Equestrianism,RSA,0,0
Equestrianism,RUS,0,0
Equestrianism,SUI,0,0
Equestrianism,SWE,0,0
Equestrianism,SYR,0,0
Equestrianism,THA,0,0
Equestrianism,TPE,0,0
Equestrianism,TUR,0,0
Equestrianism,UKR,0,0
Equestrianism,URU,0,0
Equestrianism,USA,0,0
Equestrianism,VEN,0,0
Equestrianism,ZIM,0,0
Fencing,ALG,0,0
Fencing,ARG,0,0
Fencing,AUT,0,0
Fencing,AZE,0,0
Fencing,BEL,0,0
Fencing,BEN,0,0
Fencing,BLR,0,0
Fencing,BRA,0,0
Fencing,BUL,0,0
Fencing,CAN,0,0
Fencing,CHI,0,0
Fencing,CHN,0,0
Fencing,CIV,0,0
Fencing,COL,0,0
Fencing,CRO,0,0
Fencing,CUB,0,0
Fencing,CZE,0,0
Fencing,EGY,0,0
Fencing,EST,0,0
Fencing,FRA,0,0
Fencing,GBR,0,0
Fencing,GEO,0,0
Fencing,GER,0,0
Fencing,GRE,0,0
Fencing,HKG,0,0
Fencing,HUN,0,0
Fencing,INA,0,0
Fencing,IOA,0,0
Fencing,IRI,0,0
Fencing,ITA,0,0
Fencing,JPN,0,0
Fencing,KAZ,0,0
Fencing,KOR,0,0
Fencing,KSA,0,0
Fencing,LIB,0,0
Fencing,MAR,0,0
Fencing,MAS,0,0
Fencing,MEX,0,0
Fencing,NED,0,0
Fencing,NOR,0,0
Fencing,PAN,0,0
Fencing,POL,0,0
Fencing,ROU,0,0
Fencing,RUS,0,0
Fencing,SEN,0,0
Fencing,SUI,0,0
Fencing,TPE,0,0
Fencing,TUN,0,0
Fencing,TUR,0,0
Fencing,UKR,0,0
Fencing,USA,0,0
Fencing,UZB,0,0
Fencing,VEN,0,0
Fencing,VIE,0,0
Football,ALG,0,0
Football,ARG,0,0
Football,AUS,0,0
Football,BLR,0,0
Football,BRA,0,0
Football,CAN,0,0
Football,CHN,0,0
Football,CMR,0,0
Football,COL,0,0
Football,DEN,0,0
Football,EGY,0,0
Football,ESP,0,0
Football,FIJ,0,0
Football,FRA,0,0
Football,GAB,0,0
Football,GBR,0,0
Football,GER,0,0
Football,HON,0,0
Football,IRQ,0,0
Football,JPN,0,0
Football,KOR,0,0
Football,MAR,0,0
Football,MEX,0,0
Football,NGR,0,0
Football,NZL,0,0
Football,POR,0,0
Football,PRK,0,0
Football,RSA,0,0
Football,SEN,0,0
Football,SUI,0,0
Football,SWE,0,0
Football,UAE,0,0
Football,URU,0,0
Football,USA,0,0
Football,ZIM,0,0
Golf,ARG,0,0
Golf,AUS,0,0
Golf,AUT,0,0
Golf,BAN,0,0
Golf,BEL,0,0
Golf,BRA,0,0
Golf,CAN,0,0
Golf,CHI,0,0
Golf,CHN,0,0
Golf,COL,0,0
Golf,CZE,0,0
Golf,DEN,0,0
Golf,ESP,0,0
Golf,FIN,0,0
Golf,FRA,0,0
Golf,GBR,0,0
Golf,GER,0,0
Golf,HKG,0,0
Golf,IND,0,0
Golf,IRL,0,0
Golf,ISR,0,0
Golf,ITA,0,0
Golf,JPN,0,0
Golf,KOR,0,0
Golf,MAR,0,0
Golf,MAS,0,0
Golf,MEX,0,0
Golf,NED,0,0
Golf,NOR,0,0
Golf,NZL,0,0
Golf,PAR,0,0
Golf,PHI,0,0
Golf,POR,0,0
Golf,RSA,0,0
Golf,RUS,0,0
Golf,SUI,0,0
Golf,SWE,0,0
Golf,THA,0,0
Golf,TPE,0,0
Golf,USA,0,0
Golf,VEN,0,0
Gymnastics,ALG,0,0
Gymnastics,ARG,0,0
Gymnastics,ARM,0,0
Gymnastics,AUS,0,0
Gymnastics,AUT,0,0
Gymnastics,AZE,0,0
Gymnastics,BAN,0,0
Gymnastics,BEL,0,0
Gymnastics,BLR,0,0
Gymnastics,BRA,0,0
Gymnastics,BUL,0,0
Gymnastics,CAN,0,0
Gymnastics,CHI,0,0
Gymnastics,CHN,0,0
Gymnastics,COL,0,0
Gymnastics,CRO,0,0
Gymnastics,CUB,0,0
Gymnastics,CYP,0,0
Gymnastics,CZE,0,0
Gymnastics,DOM,0,0
Gymnastics,EGY,0,0
Gymnastics,ESP,0,0
Gymnastics,FIN,0,0
Gymnastics,FRA,0,0
Gymnastics,GBR,0,0
Gymnastics,GER,0,0
Gymnastics,GRE,0,0
Gymnastics,GUA,0,0
Gymnastics,HKG,0,0
Gymnastics,HUN,0,0
Gymnastics,IND,0,0
Gymnastics,IRL,0,0
Gymnastics,ISL,0,0
Gymnastics,ISR,0,0
Gymnastics,ITA,0,0
Gymnastics,JAM,0,0
Gymnastics,JPN,0,0
Gymnastics,KAZ,0,0
Gymnastics,KOR,0,0
Gymnastics,LAT,0,0
Gymnastics,LTU,0,0
Gymnastics,MEX,0,0
Gymnastics,MON,0,0
Gymnastics,NED,0,0
Gymnastics,NOR,0,0
Gymnastics,NZL,0,0
Gymnastics,PAN,0,0
Gymnastics,PER,0,0
Gymnastics,POL,0,0
Gymnastics,POR,0,0
Gymnastics,PRK,0,0
Gymnastics,PUR,0,0
Gymnastics,ROU,0,0
Gymnastics,RSA,0,0
Gymnastics,RUS,0,0
Gymnastics,SGP,0,0
Gymnastics,SLO,0,0
Gymnastics,SUI,0,0
Gymnastics,SVK,0,0
Gymnastics,SWE,0,0
Gymnastics,TPE,0,0
Gymnastics,TTO,0,0
Gymnastics,TUN,0,0
Gymnastics,TUR,0,0
Gymnastics,UKR,0,0
Gymnastics,USA,0,0
Gymnastics,UZB,0,0
Gymnastics,VEN,0,0
Gymnastics,VIE,0,0
Handball,ANG,0,0
Handball,ARG,0,0
Handball,BRA,0,0
Handball,CRO,0,0
Handball,DEN,0,0
Handball,EGY,0,0
Handball,ESP,0,0
Handball,FRA,0,0
Handball,GBR,0,0
Handball,GER,0,0
Handball,HUN,0,0
Handball,ISL,0,0
Handball,KOR,0,0
Handball,MNE,0,0
Handball,NED,0,0
Handball,NOR,0,0
Handball,POL,0,0
Handball,QAT,0,0
Handball,ROU,0,0
Handball,RUS,0,0
Handball,SLO,0,0
Handball,SRB,0,0
Handball,SWE,0,0
Handball,TUN,0,0
Hockey,ARG,0,0
Hockey,AUS,0,0
Hockey,BEL,0,0
Hockey,BRA,0,0
Hockey,CAN,0,0
Hockey,CHN,0,0
Hockey,ESP,0,0
Hockey,GBR,0,0
Hockey,GER,0,0
Hockey,IND,0,0
Hockey,IRL,0,0
Hockey,JPN,0,0
Hockey,KOR,0,0
Hockey,NED,0,0
Hockey,NZL,0,0
Hockey,PAK,0,0
Hockey,RSA,0,0
Hockey,USA,0,0
Judo,AFG,0,0
Judo,ALB,0,0
Judo,ALG,0,0
Judo,AND,0,0
Judo,ANG,0,0
Judo,ARG,0,0
Judo,ARM,0,0
Judo,ARU,0,0
Judo,ASA,0,0
Judo,AUS,0,0
Judo,AUT,0,0
Judo,AZE,0,0
Judo,BAR,0,0
Judo,BDI,0,0
Judo,BEL,0,0
Judo,BEN,0,0
Judo,BIH,0,0
Judo,BIZ,0,0
Judo,BLR,0,0
Judo,BOL,0,0
Judo,BOT,0,0
Judo,BRA,0,0
Judo,BUL,0,0
Judo,BUR,0,0
Judo,CAM,0,0
Judo,CAN,0,0
Judo,CGO,0,0
Judo,CHA,0,0
Judo,CHI,0,0
Judo,CHN,0,0
Judo,CIV,0,0
Judo,CMR,0,0
Judo,COD,0,0
Judo,COL,0,0
Judo,CPV,0,0
Judo,CRC,0,0
Judo,CRO,0,0
Judo,CUB,0,0
Judo,CZE,0,0
Judo,DJI,0,0
Judo,DOM,0,0
Judo,ECU,0,0
Judo,EGY,0,0
Judo,ESA,0,0
Judo,ESP,0,0
Judo,EST,0,0
Judo,FIJ,0,0
Judo,FIN,0,0
Judo,FRA,0,0
Judo,GAB,0,0
Judo,GAM,0,0
Judo,GBR,0,0
Judo,GBS,0,0
Judo,GEO,0,0
Judo,GER,0,0
Judo,GHA,0,0
Judo,GRE,0,0
Judo,GUA,0,0
Judo,GUI,0,0
Judo,GUM,0,0
Judo,GUY,0,0
Judo,HAI,0,0
Judo,HKG,0,0
Judo,HON,0,0
Judo,HUN,0,0
Judo,INA,0,0
Judo,IND,0,0
Judo,IOA,0,0
Judo,IRI,0,0
Judo,IRL,0,0
Judo,IRQ,0,0
Judo,ISL,0,0
Judo,ISR,0,0
Judo,ITA,0,0
Judo,JOR,0,0
Judo,JPN,0,0
Judo,KAZ,0,0
Judo,KEN,0,0
Judo,KGZ,0,0
Judo,KOR,0,0
Judo,KOS,0,0
Judo,KSA,0,0
Judo,LAO,0,0
Judo,LAT,0,0
Judo,LBA,0,0
Judo,LIB,0,0
Judo,LTU,0,0
Judo,LUX,0,0
Judo,MAD,0,0
Judo,MAR,0,0
Judo,MDA,0,0
Judo,MEX,0,0
Judo,MGL,0,0
Judo,MKD,0,0
Judo,MLI,0,0
Judo,MNE,0,0
Judo,MON,0,0
Judo,MOZ,0,0
Judo,MRI,0,0
Judo,MYA,0,0
Judo,NED,0,0
Judo,NEP,0,0
Judo,NIG,0,0
Judo,NRU,0,0
Judo,NZL,0,0
Judo,PAK,0,0
Judo,PAN,0,0
Judo,PAR,0,0
Judo,PER,0,0
Judo,PHI,0,0
Judo,PLE,0,0
Judo,PLW,0,0
Judo,PNG,0,0
Judo,POL,0,0
Judo,POR,0,0
Judo,PRK,0,0
Judo,PUR,0,0
Judo,QAT,0,0
Judo,ROT,0,0
Judo,ROU,0,0
Judo,RSA,0,0
Judo,RUS,0,0
Judo,RWA,0,0
Judo,SAM,0,0
Judo,SEN,0,0
Judo,SEY,0,0
Judo,SLO,0,0
Judo,SOL,0,0
Judo,SRB,0,0
Judo,SRI,0,0
Judo,SUD,0,0
Judo,SUI,0,0
Judo,SUR,0,0
Judo,SVK,0,0
Judo,SWE,0,0
Judo,SYR,0,0
Judo,TAN,0,0
Judo,THA,0,0
Judo,TJK,0,0
Judo,TKM,0,0
Judo,TOG,0,0
Judo,TPE,0,0
Judo,TTO,0,0
Judo,TUN,0,0
Judo,TUR,0,0
Judo,UAE,0,0
Judo,UKR,0,0
Judo,URU,0,0
Judo,USA,0,0
Judo,UZB,0,0
Judo,VAN,0,0
Judo,VEN,0,0
Judo,VIE,0,0
Judo,YEM,0,0
Judo,ZAM,0,0
Modern Pentathlon,ARG,0,0
Modern Pentathlon,AUS,0,0
Modern Pentathlon,AUT,0,0
Modern Pentathlon,BLR,0,0
Modern Pentathlon,BRA,0,0
Modern Pentathlon,BUL,0,0
Modern Pentathlon,CAN,0,0
Modern Pentathlon,CHI,0,0
Modern Pentathlon,CHN,0,0
Modern Pentathlon,CUB,0,0
Modern Pentathlon,CZE,0,0
Modern Pentathlon,EGY,0,0
Modern Pentathlon,FRA,0,0
Modern Pentathlon,GBR,0,0
Modern Pentathlon,GER,0,0
Modern Pentathlon,GUA,0,0
Modern Pentathlon,HUN,0,0
Modern Pentathlon,IRL,0,0
Modern Pentathlon,ITA,0,0
Modern Pentathlon,JPN,0,0
Modern Pentathlon,KAZ,0,0
Modern Pentathlon,KOR,0,0
Modern Pentathlon,LAT,0,0
Modern Pentathlon,LTU,0,0
Modern Pentathlon,MEX,0,0
Modern Pentathlon,POL,0,0
Modern Pentathlon,RUS,0,0
Modern Pentathlon,TUR,0,0
Modern Pentathlon,UKR,0,0
Modern Pentathlon,USA,0,0
Rhythmic Gymnastics,AUS,0,0
Rhythmic Gymnastics,AUT,0,0
Rhythmic Gymnastics,AZE,0,0
Rhythmic Gymnastics,BLR,0,0
Rhythmic Gymnastics,BRA,0,0
Rhythmic Gymnastics,BUL,0,0
Rhythmic Gymnastics,CAN,0,0
Rhythmic Gymnastics,CHN,0,0
Rhythmic Gymnastics,CPV,0,0
Rhythmic Gymnastics,CYP,0,0
Rhythmic Gymnastics,EGY,0,0
Rhythmic Gymnastics,ESP,0,0
Rhythmic Gymnastics,FIN,0,0
Rhythmic Gymnastics,FRA,0,0
Rhythmic Gymnastics,GBR,0,0
Rhythmic Gymnastics,GEO,0,0
Rhythmic Gymnastics,GER,0,0
Rhythmic Gymnastics,GRE,0,0
Rhythmic Gymnastics,ISR,0,0
Rhythmic Gymnastics,ITA,0,0
Rhythmic Gymnastics,JPN,0,0
Rhythmic Gymnastics,KAZ,0,0
Rhythmic Gymnastics,KOR,0,0
Rhythmic Gymnastics,POL,0,0
Rhythmic Gymnastics,ROU,0,0
Rhythmic Gymnastics,RUS,0,0
Rhythmic Gymnastics,UKR,0,0
Rhythmic Gymnastics,USA,0,0
Rhythmic Gymnastics,UZB,0,0
Rowing,ALG,0,0
Rowing,ANG,0,0
Rowing,ARG,0,0
Rowing,AUS,0,0
Rowing,AUT,0,0
Rowing,AZE,0,0
Rowing,BAH,0,0
Rowing,BEL,0,0
Rowing,BER,0,0
Rowing,BLR,0,0
Rowing,BRA,0,0
Rowing,BUL,0,0
Rowing,CAN,0,0
Rowing,CHI,0,0
Rowing,CHN,0,0
Rowing,CMR,0,0
Rowing,CRO,0,0
Rowing,CUB,0,0
Rowing,CZE,0,0
Rowing,DEN,0,0
Rowing,ECU,0,0
Rowing,EGY,0,0
Rowing,ESA,0,0
Rowing,ESP,0,0
Rowing,EST,0,0
Rowing,FRA,0,0
Rowing,GBR,0,0
Rowing,GER,0,0
Rowing,GRE,0,0
Rowing,HKG,0,0
Rowing,HUN,0,0
Rowing,INA,0,0
Rowing,IND,0,0
Rowing,IRI,0,0
Rowing,IRL,0,0
Rowing,IRQ,0,0
Rowing,ITA,0,0
Rowing,JPN,0,0
Rowing,KAZ,0,0
Rowing,KOR,0,0
Rowing,LBA,0,0
Rowing,LTU,0,0
Rowing,MEX,0,0
Rowing,MON,0,0
Rowing,MYA,0,0
Rowing,NED,0,0
Rowing,NGR,0,0
Rowing,NIG,0,0
Rowing,NOR,0,0
Rowing,NZL,0,0
Rowing,PAR,0,0
Rowing,PER,0,0
Rowing,POL,0,0
Rowing,POR,0,0
Rowing,ROU,0,0
Rowing,RSA,0,0
Rowing,RUS,0,0
Rowing,SGP,0,0
Rowing,SLO,0,0
Rowing,SRB,0,0
Rowing,SUI,0,0
Rowing,SWE,0,0
Rowing,THA,0,0
Rowing,TOG,0,0
Rowing,TPE,0,0
Rowing,TTO,0,0
Rowing,TUN,0,0
Rowing,TUR,0,0
Rowing,UKR,0,0
Rowing,URU,0,0
Rowing,USA,0,0
Rowing,UZB,0,0
Rowing,VAN,0,0
Rowing,VEN,0,0
Rowing,VIE,0,0
Rowing,ZIM,0,0
Rugby Sevens,ARG,0,0
Rugby Sevens,AUS,0,0
Rugby Sevens,BRA,0,0
Rugby Sevens,CAN,0,0
Rugby Sevens,COL,0,0
Rugby Sevens,ESP,0,0
Rugby Sevens,FIJ,0,0
Rugby Sevens,FRA,0,0
Rugby Sevens,GBR,0,0
Rugby Sevens,JPN,0,0
Rugby Sevens,KEN,0,0
Rugby Sevens,NZL,0,0
Rugby Sevens,RSA,0,0
Rugby Sevens,USA,0,0
Sailing,ALG,0,0
Sailing,ANG,0,0
Sailing,ARG,0,0
Sailing,ARU,0,0
Sailing,AUS,0,0
Sailing,AUT,0,0
Sailing,BEL,0,0
Sailing,BER,0,0
Sailing,BLR,0,0
Sailing,BRA,0,0
Sailing,BUL,0,0
Sailing,CAN,0,0
Sailing,CAY,0,0
Sailing,CHI,0,0
Sailing,CHN,0,0
Sailing,COK,0,0
Sailing,COL,0,0
Sailing,CRO,0,0
Sailing,CYP,0,0
Sailing,CZE,0,0
Sailing,DEN,0,0
Sailing,EGY,0,0
Sailing,ESA,0,0
Sailing,ESP,0,0
Sailing,EST,0,0
Sailing,FIN,0,0
Sailing,FRA,0,0
Sailing,GBR,0,0
Sailing,GER,0,0
Sailing,GRE,0,0
Sailing,GUA,0,0
Sailing,HKG,0,0
Sailing,HUN,0,0
Sailing,IOA,0,0
Sailing,IRL,0,0
Sailing,ISR,0,0
Sailing,ISV,0,0
Sailing,ITA,0,0
Sailing,JPN,0,0
Sailing,KGZ,0,0
Sailing,KOR,0,0
Sailing,LAT,0,0
Sailing,LCA,0,0
Sailing,LTU,0,0
Sailing,MAS,0,0
Sailing,MEX,0,0
Sailing,MNE,0,0
Sailing,MON,0,0
Sailing,NED,0,0
Sailing,NOR,0,0
Sailing,NZL,0,0
Sailing,PER,0,0
Sailing,POL,0,0
Sailing,POR,0,0
Sailing,RSA,0,0
Sailing,RUS,0,0
Sailing,SEY,0,0
Sailing,SGP,0,0
Sailing,SLO,0,0
Sailing,SUI,0,0
Sailing,SWE,0,0
Sailing,THA,0,0
Sailing,TPE,0,0
Sailing,TTO,0,0
Sailing,TUN,0,0
Sailing,TUR,0,0
Sailing,UKR,0,0
Sailing,URU,0,0
Sailing,USA,0,0
Sailing,VEN,0,0
Shooting,ALB,0,0
Shooting,ALG,0,0
Shooting,AND,0,0
Shooting,ANG,0,0
Shooting,ARG,0,0
Shooting,ARM,0,0
Shooting,AUS,0,0
Shooting,AUT,0,0
Shooting,AZE,0,0
Shooting,BAN,0,0
Shooting,BAR,0,0
Shooting,BEL,0,0
Shooting,BHU,0,0
Shooting,BIH,0,0
Shooting,BLR,0,0
Shooting,BOL,0,0
Shooting,BRA,0,0
Shooting,BRN,0,0
Shooting,BUL,0,0
Shooting,CAN,0,0
Shooting,CHI,0,0
Shooting,CHN,0,0
Shooting,COL,0,0
Shooting,CRO,0,0
Shooting,CUB,0,0
Shooting,CYP,0,0
Shooting,CZE,0,0
Shooting,DEN,0,0
Shooting,DOM,0,0
Shooting,ECU,0,0
Shooting,EGY,0,0
Shooting,ESA,0,0
Shooting,ESP,0,0
Shooting,EST,0,0
Shooting,FIJ,0,0
Shooting,FIN,0,0
Shooting,FRA,0,0
Shooting,GBR,0,0
Shooting,GEO,0,0
Shooting,GER,0,0
Shooting,GRE,0,0
Shooting,GUA,0,0
Shooting,HKG,0,0
Shooting,HON,0,0
Shooting,HUN,0,0
Shooting,INA,0,0
Shooting,IND,0,0
Shooting,IOA,0,0
Shooting,IRI,0,0
Shooting,IRL,0,0
Shooting,IRQ,0,0
Shooting,ISL,0,0
Shooting,ISR,0,0
Shooting,ITA,0,0
Shooting,JPN,0,0
Shooting,KAZ,0,0
Shooting,KGZ,0,0
Shooting,KOR,0,0
Shooting,KOS,0,0
Shooting,KSA,0,0
Shooting,KUW,0,0
Shooting,LAT,0,0
Shooting,LIB,0,0
Shooting,LTU,0,0
Shooting,LUX,0,0
Shooting,MAR,0,0
Shooting,MAS,0,0
Shooting,MDA,0,0
Shooting,MEX,0,0
Shooting,MGL,0,0
Shooting,MKD,0,0
Shooting,MLT,0,0
Shooting,MNE,0,0
Shooting,MYA,0,0
Shooting,NAM,0,0
Shooting,NCA,0,0
Shooting,NED,0,0
Shooting,NEP,0,0
Shooting,NOR,0,0
Shooting,NZL,0,0
Shooting,OMA,0,0
Shooting,PAK,0,0
Shooting,PAN,0,0
Shooting,PAR,0,0
Shooting,PER,0,0
Shooting,PHI,0,0
Shooting,POL,0,0
Shooting,POR,0,0
Shooting,PRK,0,0
Shooting,PUR,0,0
Shooting,QAT,0,0
Shooting,ROU,0,0
Shooting,RSA,0,0
Shooting,RUS,0,0
Shooting,SGP,0,0
Shooting,SLO,0,0
Shooting,SMR,0,0
Shooting,SRB,0,0
Shooting,SRI,0,0
Shooting,SUI,0,0
Shooting,SVK,0,0
Shooting,SWE,0,0
Shooting,SYR,0,0
Shooting,THA,0,0
Shooting,TJK,0,0
Shooting,TPE,0,0
Shooting,TTO,0,0
Shooting,TUN,0,0
Shooting,TUR,0,0
Shooting,UAE,0,0
Shooting,UKR,0,0
Shooting,URU,0,0
Shooting,USA,0,0
Shooting,UZB,0,0
Shooting,VEN,0,0
Shooting,VIE,0,0
Shooting,ZIM,0,0
Swimming,ALB,0,0
Swimming,ALG,0,0
Swimming,AND,0,0
Swimming,ANG,0,0
Swimming,ANT,0,0
Swimming,ARG,0,0
Swimming,ARM,0,0
Swimming,ARU,0,0
Swimming,ASA,0,0
Swimming,AUS,0,0
Swimming,AUT,0,0
Swimming,AZE,0,0
Swimming,BAH,0,0
Swimming,BAN,0,0
Swimming,BAR,0,0
Swimming,BDI,0,0
Swimming,BEL,0,0
Swimming,BEN,0,0
Swimming,BER,0,0
Swimming,BIH,0,0
Swimming,BLR,0,0
Swimming,BOL,0,0
Swimming,BOT,0,0
Swimming,BRA,0,0
Swimming,BRN,0,0
Swimming,BRU,0,0
Swimming,BUL,0,0
Swimming,BUR,0,0
Swimming,CAF,0,0
Swimming,CAM,0,0
Swimming,CAN,0,0
Swimming,CAY,0,0
Swimming,CGO,0,0
Swimming,CHI,0,0
Swimming,CHN,0,0
Swimming,CIV,0,0
Swimming,CMR,0,0
Swimming,COK,0,0
Swimming,COL,0,0
Swimming,COM,0,0
Swimming,CRC,0,0
Swimming,CRO,0,0
Swimming,CUB,0,0
Swimming,CYP,0,0
Swimming,CZE,0,0
Swimming,DEN,0,0
Swimming,DJI,0,0
Swimming,DOM,0,0
Swimming,ECU,0,0
Swimming,EGY,0,0
Swimming,ESA,0,0
Swimming,ESP,0,0
Swimming,EST,0,0
Swimming,ETH,0,0
Swimming,FIJ,0,0
Swimming,FIN,0,0
Swimming,FRA,0,0
Swimming,FSM,0,0
Swimming,GAB,0,0
Swimming,GAM,0,0
Swimming,GBR,0,0
Swimming,GEO,0,0
Swimming,GER,0,0
Swimming,GHA,0,0
Swimming,GRE,0,0
Swimming,GRN,0,0
Swimming,GUA,0,0
Swimming,GUI,0,0
Swimming,GUM,0,0
Swimming,GUY,0,0
Swimming,HAI,0,0
Swimming,HKG,0,0
Swimming,HON,0,0
Swimming,HUN,0,0
Swimming,INA,0,0
Swimming,IND,0,0
Swimming,IOA,0,0
Swimming,IRI,0,0
Swimming,IRL,0,0
Swimming,IRQ,0,0
Swimming,ISL,0,0
Swimming,ISR,0,0
Swimming,ISV,0,0
Swimming,ITA,0,0
Swimming,IVB,0,0
Swimming,JAM,0,0
Swimming,JOR,0,0
Swimming,JPN,0,0
Swimming,KAZ,0,0
Swimming,KEN,0,0
Swimming,KGZ,0,0
Swimming,KOR,0,0
Swimming,KOS,0,0
Swimming,KUW,0,0
Swimming,LAO,0,0
Swimming,LAT,0,0
Swimming,LBA,0,0
Swimming,LCA,0,0
Swimming,LES,0,0
Swimming,LIB,0,0
Swimming,LIE,0,0
Swimming,LTU,0,0
Swimming,LUX,0,0
Swimming,MAD,0,0
Swimming,MAR,0,0
Swimming,MAS,0,0
Swimming,MAW,0,0
Swimming,MDA,0,0
Swimming,MDV,0,0
Swimming,MEX,0,0
Swimming,MGL,0,0
Swimming,MHL,0,0
Swimming,MKD,0,0
Swimming,MLI,0,0
Swimming,MLT,0,0
Swimming,MNE,0,0
Swimming,MON,0,0
Swimming,MOZ,0,0
Swimming,MRI,0,0
Swimming,MYA,0,0
Swimming,NCA,0,0
Swimming,NED,0,0
Swimming,NEP,0,0
Swimming,NGR,0,0
Swimming,NIG,0,0
Swimming,NOR,0,0
Swimming,NZL,0,0
Swimming,PAK,0,0
Swimming,PAN,0,0
Swimming,PAR,0,0
Swimming,PER,0,0
Swimming,PHI,0,0
Swimming,PLE,0,0
Swimming,PLW,0,0
Swimming,PNG,0,0
Swimming,POL,0,0
Swimming,POR,0,0
Swimming,PUR,0,0
Swimming,QAT,0,0
Swimming,ROT,0,0
Swimming,ROU,0,0
Swimming,RSA,0,0
Swimming,RUS,0,0
Swimming,RWA,0,0
Swimming,SAM,0,0
Swimming,SEN,0,0
Swimming,SEY,0,0
Swimming,SGP,0,0
Swimming,SLE,0,0
Swimming,SLO,0,0
Swimming,SMR,0,0
Swimming,SRB,0,0
Swimming,SRI,0,0
Swimming,SUD,0,0
Swimming,SUI,0,0
Swimming,SUR,0,0
Swimming,SVK,0,0
Swimming,SWE,0,0
Swimming,SWZ,0,0
Swimming,SYR,0,0
Swimming,TAN,0,0
Swimming,TGA,0,0
Swimming,THA,0,0
Swimming,TJK,0,0
Swimming,TKM,0,0
Swimming,TOG,0,0
Swimming,TPE,0,0
Swimming,TTO,0,0
Swimming,TUN,0,0
Swimming,TUR,0,0
Swimming,UAE,0,0
Swimming,UGA,0,0
Swimming,UKR,0,0
Swimming,URU,0,0
Swimming,USA,0,0
Swimming,UZB,0,0
Swimming,VEN,0,0
Swimming,VIE,0,0
Swimming,VIN,0,0
Swimming,YEM,0,0
Swimming,ZAM,0,0
Swimming,ZIM,0,0
Synchronized Swimming,ARG,0,0
Synchronized Swimming,AUS,0,0
Synchronized Swimming,AUT,0,0
Synchronized Swimming,BLR,0,0
Synchronized Swimming,BRA,0,0
Synchronized Swimming,CAN,0,0
Synchronized Swimming,CHN,0,0
Synchronized Swimming,COL,0,0
Synchronized Swimming,CZE,0,0
Synchronized Swimming,EGY,0,0
Synchronized Swimming,ESP,0,0
Synchronized Swimming,FRA,0,0
Synchronized Swimming,GBR,0,0
Synchronized Swimming,GRE,0,0
Synchronized Swimming,HUN,0,0
Synchronized Swimming,ISR,0,0
Synchronized Swimming,ITA,0,0
Synchronized Swimming,JPN,0,0
Synchronized Swimming,KAZ,0,0
Synchronized Swimming,KOR,0,0
Synchronized Swimming,MEX,0,0
Synchronized Swimming,PRK,0,0
Synchronized Swimming,RUS,0,0
Synchronized Swimming,SUI,0,0
Synchronized Swimming,SVK,0,0
Synchronized Swimming,UKR,0,0
Synchronized Swimming,USA,0,0
Table Tennis,ARG,0,0
Table Tennis,AUS,0,0
Table Tennis,AUT,0,0
Table Tennis,BEL,0,0
Table Tennis,BLR,0,0
Table Tennis,BRA,0,0
Table Tennis,CAN,0,0
Table Tennis,CGO,0,0
Table Tennis,CHI,0,0
Table Tennis,CHN,0,0
Table Tennis,CMR,0,0
Table Tennis,COL,0,0
Table Tennis,CRO,0,0
Table Tennis,CUB,0,0
Table Tennis,CZE,0,0
Table Tennis,DEN,0,0
Table Tennis,DJI,0,0
Table Tennis,DOM,0,0
Table Tennis,EGY,0,0
Table Tennis,ESP,0,0
Table Tennis,FIJ,0,0
Table Tennis,FIN,0,0
Table Tennis,FRA,0,0
Table Tennis,GBR,0,0
Table Tennis,GER,0,0
Table Tennis,GRE,0,0
Table Tennis,HKG,0,0
Table Tennis,HUN,0,0
Table Tennis,IND,0,0
Table Tennis,IRI,0,0
Table Tennis,ITA,0,0
Table Tennis,JPN,0,0
Table Tennis,KAZ,0,0
Table Tennis,KOR,0,0
Table Tennis,KUW,0,0
Table Tennis,LAT,0,0
Table Tennis,LIB,0,0
Table Tennis,LUX,0,0
Table Tennis,MEX,0,0
Table Tennis,NED,0,0
Table Tennis,NGR,0,0
Table Tennis,PAR,0,0
Table Tennis,PHI,0,0
Table Tennis,POL,0,0
Table Tennis,POR,0,0
Table Tennis,PRK,0,0
Table Tennis,PUR,0,0
Table Tennis,QAT,0,0
Table Tennis,ROU,0,0
Table Tennis,RUS,0,0
Table Tennis,SGP,0,0
Table Tennis,SLO,0,0
Table Tennis,SRB,0,0
Table Tennis,SVK,0,0
Table Tennis,SWE,0,0
Table Tennis,SYR,0,0
Table Tennis,THA,0,0
Table Tennis,TOG,0,0
Table Tennis,TPE,0,0
Table Tennis,TUN,0,0
Table Tennis,TUR,0,0
Table Tennis,UKR,0,0
Table Tennis,USA,0,0
Table Tennis,UZB,0,0
Table Tennis,VAN,0,0
Table Tennis,VEN,0,0
Taekwondo,AFG,0,0
Taekwondo,ALG,0,0
Taekwondo,ARG,0,0
Taekwondo,ARM,0,0
Taekwondo,ARU,0,0
Taekwondo,AUS,0,0
Taekwondo,AZE,0,0
Taekwondo,BEL,0,0
Taekwondo,BRA,0,0
Taekwondo,CAF,0,0
Taekwondo,CAM,0,0
Taekwondo,CAN,0,0
Taekwondo,CHI,0,0
Taekwondo,CHN,0,0
Taekwondo,CIV,0,0
Taekwondo,COD,0,0
Taekwondo,COL,0,0
Taekwondo,CPV,0,0
Taekwondo,CRC,0,0
Taekwondo,CRO,0,0
Taekwondo,CUB,0,0
Taekwondo,DOM,0,0
Taekwondo,EGY,0,0
Taekwondo,ESP,0,0
Taekwondo,FIN,0,0
Taekwondo,FRA,0,0
Taekwondo,GAB,0,0
Taekwondo,GBR,0,0
Taekwondo,GER,0,0
Taekwondo,GRE,0,0
Taekwondo,GRN,0,0
Taekwondo,GUA,0,0
Taekwondo,HAI,0,0
Taekwondo,HON,0,0
Taekwondo,IRI,0,0
Taekwondo,ISR,0,0
Taekwondo,ITA,0,0
Taekwondo,JAM,0,0
Taekwondo,JOR,0,0
Taekwondo,JPN,0,0
Taekwondo,KAZ,0,0
Taekwondo,KGZ,0,0
Taekwondo,KOR,0,0
Taekwondo,LBA,0,0
Taekwondo,LIB,0,0
Taekwondo,MAR,0,0
Taekwondo,MDA,0,0
Taekwondo,MEX,0,0
Taekwondo,MGL,0,0
Taekwondo,MLI,0,0
Taekwondo,NED,0,0
Taekwondo,NEP,0,0
Taekwondo,NGR,0,0
Taekwondo,NIG,0,0
Taekwondo,NOR,0,0
Taekwondo,NZL,0,0
Taekwondo,PAN,0,0
Taekwondo,PER,0,0
Taekwondo,PHI,0,0
Taekwondo,PNG,0,0
Taekwondo,POL,0,0
Taekwondo,POR,0,0
Taekwondo,PUR,0,0
Taekwondo,RUS,0,0
Taekwondo,SAM,0,0
Taekwondo,SEN,0,0
Taekwondo,SLO,0,0
Taekwondo,SRB,0,0
Taekwondo,SWE,0,0
Taekwondo,TGA,0,0
Taekwondo,THA,0,0
Taekwondo,TJK,0,0
Taekwondo,TPE,0,0
Taekwondo,TUN,0,0
Taekwondo,TUR,0,0
Taekwondo,UKR,0,0
Taekwondo,USA,0,0
Taekwondo,UZB,0,0
Taekwondo,VEN,0,0
Taekwondo,VIE,0,0
Taekwondo,YEM,0,0
Tennis,ARG,0,0
Tennis,AUS,0,0
Tennis,AUT,0,0
Tennis,BAR,0,0
Tennis,BEL,0,0
Tennis,BIH,0,0
Tennis,BLR,0,0
Tennis,BRA,0,0
Tennis,BUL,0,0
Tennis,CAN,0,0
Tennis,CHI,0,0
Tennis,CHN,0,0
Tennis,COL,0,0
Tennis,CRO,0,0
Tennis,CYP,0,0
Tennis,CZE,0,0
Tennis,DEN,0,0
Tennis,DOM,0,0
Tennis,ESP,0,0
Tennis,FIN,0,0
Tennis,FRA,0,0
Tennis,GBR,0,0
Tennis,GEO,0,0
Tennis,GER,0,0
Tennis,HUN,0,0
Tennis,IND,0,0
Tennis,ISR,0,0
Tennis,ITA,0,0
Tennis,JPN,0,0
Tennis,KAZ,0,0
Tennis,LAT,0,0
Tennis,LIE,0,0
Tennis,LTU,0,0
Tennis,LUX,0,0
Tennis,MDA,0,0
Tennis,MEX,0,0
Tennis,MNE,0,0
Tennis,NED,0,0
Tennis,NZL,0,0
Tennis,PAR,0,0
Tennis,POL,0,0
Tennis,POR,0,0
Tennis,PUR,0,0
Tennis,ROU,0,0
Tennis,RUS,0,0
Tennis,SLO,0,0
Tennis,SRB,0,0
Tennis,SUI,0,0
Tennis,SVK,0,0
Tennis,SWE,0,0
Tennis,THA,0,0
Tennis,TPE,0,0
Tennis,TUN,0,0
Tennis,TUR,0,0
Tennis,UKR,0,0
Tennis,URU,0,0
Tennis,USA,0,0
Tennis,UZB,0,0
Trampolining,AUS,0,0
Trampolining,BLR,0,0
Trampolining,BRA,0,0
Trampolining,CAN,0,0
Trampolining,CHN,0,0
Trampolining,CZE,0,0
Trampolining,DEN,0,0
Trampolining,FRA,0,0
Trampolining,GBR,0,0
Trampolining,GEO,0,0
Trampolining,GER,0,0
Trampolining,ITA,0,0
Trampolining,JPN,0,0
Trampolining,KAZ,0,0
Trampolining,NED,0,0
Trampolining,NZL,0,0
Trampolining,POR,0,0
Trampolining,RUS,0,0
Trampolining,UKR,0,0
Trampolining,USA,0,0
Trampolining,UZB,0,0
Triathlon,ARG,0,0
Triathlon,AUS,0,0
Triathlon,AUT,0,0
Triathlon,AZE,0,0
Triathlon,BAR,0,0
Triathlon,BEL,0,0
Triathlon,BER,0,0
Triathlon,BRA,0,0
Triathlon,CAN,0,0
Triathlon,CHI,0,0
Triathlon,CHN,0,0
Triathlon,COL,0,0
Triathlon,CRC,0,0
Triathlon,CZE,0,0
Triathlon,DEN,0,0
Triathlon,ECU,0,0
Triathlon,ESP,0,0
Triathlon,EST,0,0
Triathlon,FRA,0,0
Triathlon,GBR,0,0
Triathlon,GER,0,0
Triathlon,HUN,0,0
Triathlon,IRL,0,0
Triathlon,ISR,0,0
Triathlon,ITA,0,0
Triathlon,JOR,0,0
Triathlon,JPN,0,0
Triathlon,KOR,0,0
Triathlon,MEX,0,0
Triathlon,MON,0,0
Triathlon,MRI,0,0
Triathlon,NED,0,0
Triathlon,NOR,0,0
Triathlon,NZL,0,0
Triathlon,POL,0,0
Triathlon,POR,0,0
Triathlon,PUR,0,0
Triathlon,RSA,0,0
Triathlon,RUS,0,0
Triathlon,SLO,0,0
Triathlon,SUI,0,0
Triathlon,SVK,0,0
Triathlon,SWE,0,0
Triathlon,UKR,0,0
Triathlon,USA,0,0
Triathlon,ZIM,0,0
Volleyball,ALG,0,0
Volleyball,ARG,0,0
Volleyball,AUS,0,0
Volleyball,BRA,0,0
Volleyball,BUL,0,0
Volleyball,CAN,0,0
Volleyball,CHN,0,0
Volleyball,CMR,0,0
Volleyball,CUB,0,0
Volleyball,DOM,0,0
Volleyball,EGY,0,0
Volleyball,FRA,0,0
Volleyball,GBR,0,0
Volleyball,GER,0,0
Volleyball,IRI,0,0
Volleyball,ITA,0,0
Volleyball,JPN,0,0
Volleyball,KOR,0,0
Volleyball,MEX,0,0
Volleyball,NED,0,0
Volleyball,POL,0,0
Volleyball,PUR,0,0
Volleyball,RUS,0,0
Volleyball,SRB,0,0
Volleyball,TUN,0,0
Volleyball,TUR,0,0
Volleyball,USA,0,0
Water Polo,AUS,0,0
Water Polo,BRA,0,0
Water Polo,CHN,0,0
Water Polo,CRO,0,0
Water Polo,ESP,0,0
Water Polo,FRA,0,0
Water Polo,GBR,0,0
Water Polo,GRE,0,0
Water Polo,HUN,0,0
Water Polo,ITA,0,0
Water Polo,JPN,0,0
Water Polo,KAZ,0,0
Water Polo,MNE,0,0
Water Polo,ROU,0,0
Water Polo,RUS,0,0
Water Polo,SRB,0,0
Water Polo,USA,0,0
Weightlifting,ALB,0,0
Weightlifting,ALG,0,0
Weightlifting,ARG,0,0
Weightlifting,ARM,0,0
Weightlifting,ARU,0,0
Weightlifting,ASA,0,0
Weightlifting,AUS,0,0
Weightlifting,AUT,0,0
Weightlifting,AZE,0,0
Weightlifting,BEL,0,0
Weightlifting,BLR,0,0
Weightlifting,BRA,0,0
Weightlifting,BUL,0,0
Weightlifting,CAN,0,0
Weightlifting,CHI,0,0
Weightlifting,CHN,0,0
Weightlifting,CMR,0,0
Weightlifting,COK,0,0
Weightlifting,COL,0,0
Weightlifting,CRO,0,0
Weightlifting,CUB,0,0
Weightlifting,CZE,0,0
Weightlifting,DOM,0,0
Weightlifting,ECU,0,0
Weightlifting,EGY,0,0
Weightlifting,ESA,0,0
Weightlifting,ESP,0,0
Weightlifting,EST,0,0
Weightlifting,FIJ,0,0
Weightlifting,FIN,0,0
Weightlifting,FRA,0,0
Weightlifting,FSM,0,0
Weightlifting,GBR,0,0
Weightlifting,GEO,0,0
Weightlifting,GER,0,0
Weightlifting,GHA,0,0
Weightlifting,GRE,0,0
Weightlifting,GUA,0,0
Weightlifting,HAI,0,0
Weightlifting,HKG,0,0
Weightlifting,HON,0,0
Weightlifting,HUN,0,0
Weightlifting,INA,0,0
Weightlifting,IND,0,0
Weightlifting,IRI,0,0
Weightlifting,IRQ,0,0
Weightlifting,ISR,0,0
Weightlifting,ITA,0,0
Weightlifting,JPN,0,0
Weightlifting,KAZ,0,0
Weightlifting,KEN,0,0
Weightlifting,KGZ,0,0
Weightlifting,KIR,0,0
Weightlifting,KOR,0,0
Weightlifting,KSA,0,0
Weightlifting,LAT,0,0
Weightlifting,LTU,0,0
Weightlifting,MAD,0,0
Weightlifting,MAR,0,0
Weightlifting,MAS,0,0
Weightlifting,MDA,0,0
Weightlifting,MEX,0,0
Weightlifting,MGL,0,0
Weightlifting,MHL,0,0
Weightlifting,MLT,0,0
Weightlifting,MRI,0,0
Weightlifting,NCA,0,0
Weightlifting,NGR,0,0
Weightlifting,NRU,0,0
Weightlifting,NZL,0,0
Weightlifting,PER,0,0
Weightlifting,PHI,0,0
Weightlifting,PLW,0,0
Weightlifting,PNG,0,0
Weightlifting,POL,0,0
Weightlifting,PRK,0,0
Weightlifting,PUR,0,0
Weightlifting,QAT,0,0
Weightlifting,ROU,0,0
Weightlifting,RSA,0,0
Weightlifting,RUS,0,0
Weightlifting,SAM,0,0
Weightlifting,SEY,0,0
Weightlifting,SGP,0,0
Weightlifting,SOL,0,0
Weightlifting,SRI,0,0
Weightlifting,SVK,0,0
Weightlifting,SWE,0,0
Weightlifting,SYR,0,0
Weightlifting,THA,0,0
Weightlifting,TKM,0,0
Weightlifting,TPE,0,0
Weightlifting,TUN,0,0
Weightlifting,TUR,0,0
Weightlifting,TUV,0,0
Weightlifting,UAE,0,0
Weightlifting,UGA,0,0
Weightlifting,UKR,0,0
Weightlifting,URU,0,0
Weightlifting,USA,0,0
Weightlifting,UZB,0,0
Weightlifting,VEN,0,0
Weightlifting,VIE,0,0
Wrestling,ALG,0,0
Wrestling,ARG,0,0
Wrestling,ARM,0,0
Wrestling,AUS,0,0
Wrestling,AUT,0,0
Wrestling,AZE,0,0
Wrestling,BLR,0,0
Wrestling,BRA,0,0
Wrestling,BRN,0,0
Wrestling,BUL,0,0
Wrestling,CAF,0,0
Wrestling,CAM,0,0
Wrestling,CAN,0,0
Wrestling,CHI,0,0
Wrestling,CHN,0,0
Wrestling,CIV,0,0
Wrestling,CMR,0,0
Wrestling,COL,0,0
Wrestling,CRO,0,0
Wrestling,CUB,0,0
Wrestling,CZE,0,0
Wrestling,DEN,0,0
Wrestling,ECU,0,0
Wrestling,EGY,0,0
Wrestling,ESP,0,0
Wrestling,EST,0,0
Wrestling,FIN,0,0
Wrestling,FRA,0,0
Wrestling,FSM,0,0
Wrestling,GBR,0,0
Wrestling,GBS,0,0
Wrestling,GEO,0,0
Wrestling,GER,0,0
Wrestling,GRE,0,0
Wrestling,GUM,0,0
Wrestling,HAI,0,0
Wrestling,HON,0,0
Wrestling,HUN,0,0
Wrestling,IND,0,0
Wrestling,IRI,0,0
Wrestling,IRQ,0,0
Wrestling,ISR,0,0
Wrestling,ITA,0,0
Wrestling,JPN,0,0
Wrestling,KAZ,0,0
Wrestling,KGZ,0,0
Wrestling,KOR,0,0
Wrestling,LAT,0,0
Wrestling,LTU,0,0
Wrestling,MAD,0,0
Wrestling,MAR,0,0
Wrestling,MDA,0,0
Wrestling,MEX,0,0
Wrestling,MGL,0,0
Wrestling,NAM,0,0
Wrestling,NED,0,0
Wrestling,NGR,0,0
Wrestling,NOR,0,0
Wrestling,PER,0,0
Wrestling,PLW,0,0
Wrestling,POL,0,0
Wrestling,PRK,0,0
Wrestling,PUR,0,0
Wrestling,ROU,0,0
Wrestling,RUS,0,0
Wrestling,SEN,0,0
Wrestling,SRB,0,0
Wrestling,SUI,0,0
Wrestling,SWE,0,0
Wrestling,TJK,0,0
Wrestling,TPE,0,0
Wrestling,TUN,0,0
Wrestling,TUR,0,0
Wrestling,UKR,0,0
Wrestling,USA,0,0
Wrestling,UZB,0,0
Wrestling,VEN,0,0
Wrestling,VIE,0,0
